SYMBOL,NAME OF COMPANY,WEBSITE
20MICRONS,20 Microns Limited,https://www.20microns.com
21STCENMGM,21st Century Management Services Limited,
360ONE,360 ONE WAM LIMITED,https://www.360.one
3BBLACKBIO,3B Blackbio Dx Limited,https://www.3bblackbio.com
3IINFOLTD,3i Infotech Limited,https://www.3i-infotech.com
3MINDIA,3M India Limited,https://www.3m.com/3M/en_IN
3PLAND,3P Land Holdings Limited,
5PAISA,5Paisa Capital Limited,https://www.5paisa.com
63MOONS,63 moons technologies limited,https://www.63moons.com
A2ZINFRA,A2Z Infra Engineering Limited,https://www.a2zgroup.co.in
AAATECH,AAA Technologies Limited,https://www.aaatech.in
AADHARHFC,Aadhar Housing Finance Limited,https://www.aadharhousing.com
AAKASH,Aakash Exploration Services Limited,
AAREYDRUGS,Aarey Drugs & Pharmaceuticals Limited,https://www.aareydrugs.com
AARNAV,Aarnav Fashions Limited,
AARON,Aaron Industries Limited,
AARTECH,Aartech Solonics Limited,https://www.aartechsolonics.com
AARTIDRUGS,Aarti Drugs Limited,https://www.aartidrugs.co.in
AARTIIND,Aarti Industries Limited,https://www.aarti-industries.com
AARTIPHARM,Aarti Pharmalabs Limited,https://www.aartipharmalabs.com
AARTISURF,Aarti Surfactants Limited,
AARVI,Aarvi Encon Limited,https://www.aarviencon.com
AASTHA,Aastha Spintex Limited,
AAVAS,Aavas Financiers Limited,https://www.aavas.in
ABAN,Aban Offshore Limited,https://www.abanoffshore.com
ABANSENT,Abans Enterprises Limited,https://www.abansenterprises.com
ABB,ABB India Limited,https://new.abb.com/in
ABBOTINDIA,Abbott India Limited,https://www.abbott.co.in
ABCAPITAL,Aditya Birla Capital Limited,https://www.adityabirlacapital.com
ABCOTS,A B Cotspin India Limited,
ABDL,Allied Blenders and Distillers Limited,https://www.alliedblendersanddistillers.com
ABFRL,Aditya Birla Fashion and Retail Limited,https://www.abfrl.com
ABINFRA,A B Infrabuild Limited,
ABLBL,Aditya Birla Lifestyle Brands Limited,
ABMINTLLTD,ABM International Limited,
ABMKNO,ABM Knowledgeware Limited,https://www.abmk.in
ABREL,Aditya Birla Real Estate Limited,https://www.adityabirla.com
ABSLAMC,Aditya Birla Sun Life AMC Limited,https://mutualfund.adityabirlacapital.com
ACC,ACC Limited,https://www.acclimited.com
ACCELYA,Accelya Solutions India Limited,https://www.accelya.com
ACCURACY,Accuracy Shipping Limited,
ACE,Action Construction Equipment Limited,https://www.ace-cranes.com
ACEINTEG,Ace Integrated Solutions Limited,
ACI,Archean Chemical Industries Limited,https://www.archeanchemical.com
ACL,Andhra Cements Limited,
ACMESOLAR,Acme Solar Holdings Limited,https://www.acme.in
ACSTECH,ACS Technologies Limited,
ACUTAAS,Acutaas Chemicals Limited,https://www.acutaaschem.com
ADANIENSOL,Adani Energy Solutions Limited,https://www.adanienergysolutions.com
ADANIENT,Adani Enterprises Limited,https://www.adanienterprises.com
ADANIGREEN,Adani Green Energy Limited,https://www.adanigreenenergy.com
ADANIPORTS,Adani Ports and Special Economic Zone Limited,https://www.adaniports.com
ADANIPOWER,Adani Power Limited,https://www.adanipower.com
ADFFOODS,ADF Foods Limited,https://www.adf-foods.com
ADL,Archidply Decor Limited,https://www.archidply.com
ADOR,Ador Welding Limited,https://www.adorwelding.com
ADROITINFO,Adroit Infotech Limited,
ADSL,Allied Digital Services Limited,https://www.allieddigital.net
ADVAIT,Advait Energy Transitions Limited,
ADVANCE,Advance Agrolife Limited,https://www.advanceagrolife.com
ADVANIHOTR,Advani Hotels & Resorts (India) Limited,https://www.ramadagoa.com
ADVENTHTL,Advent Hotels International Limited,
ADVENZYMES,Advanced Enzyme Technologies Limited,https://www.advancedenzymes.com
AEGISLOG,Aegis Logistics Limited,https://www.aegisindia.com
AEGISVOPAK,Aegis Vopak Terminals Limited,
AEPL,Artemis Electricals and Projects Limited,
AEQUS,Aequs Limited,https://www.aequs.com
AEROENTER,Aeroflex Enterprises Limited,https://www.aeroflexindia.com
AEROFLEX,Aeroflex Industries Limited,https://www.aeroflexindia.com
AERONEU,Aeroflex Neu Limited,
AEROPLANE,Amir Chand Jagdish Kumar (Exports) Limited,
AETHER,Aether Industries Limited,https://www.aetherindustries.com
AFCONS,Afcons Infrastructure Limited,https://www.afcons.com
AFFLE,Affle 3i Limited,https://www.affle.com
AFFORDABLE,Affordable Robotic & Automation Limited,
AFIL,Akme Fintrade (India) Limited,https://www.akmefintrade.com
AFSL,Abans Financial Services Limited,https://www.abansfinancial.com
AGARIND,Agarwal Industrial Corporation Limited,https://www.aicl.net
AGARWALEYE,Dr. Agarwal's Health Care Limited,https://www.dragarwal.com
AGI,AGI Greenpac Limited,https://www.agiglass.co.in
AGIIL,Agi Infra Limited,
AGL,Allcargo Global Limited,https://www.allcargologistics.com
AGRITECH,Agri-Tech (India) Limited,
AGROPHOS,Agro Phos India Limited,https://www.agrophosindia.com
AHCL,Anlon Healthcare Limited,https://www.anlonhealthcare.com
AHLADA,Ahlada Engineers Limited,https://www.ahladaengineers.com
AHLEAST,Asian Hotels (East) Limited,https://www.hyattregencykolkata.com
AHLUCONT,Ahluwalia Contracts (India) Limited,https://www.ahluwaliacontracts.com
AHLWEST,Asian Hotels (West) Limited,https://www.hyattregencymumbai.com
AIAENG,AIA Engineering Limited,https://www.aiaengineering.com
AIIL,Authum Investment & Infrastructure Limited,https://www.authuminvestment.com
AIRAN,Airan Limited,
AIROLAM,Airo Lam limited,
AJANTPHARM,Ajanta Pharma Limited,https://www.ajantapharma.com
AJAXENGG,Ajax Engineering Limited,https://www.ajax-engg.com
AJMERA,Ajmera Realty & Infra India Limited,https://www.ajmerarealty.com
AJOONI,Ajooni Biotech Limited,
AKASH,Akash Infra-Projects Limited,https://www.akashinfra.com
AKCAPIT,AK Capital Services Limited,
AKG,Akg Exim Limited,
