Sr. No.,Assigned To,Company Name,Website,Contact Person,Email ID,Website Verified,Scan Completed,Screenshot Taken,Status,Verified By,Remarks
"1","Unassigned","360 ONE Mutual Fund","https://mf.360.one","N/A","N/A","No","No","No","Inaccessible","Orchavate Automated Tool","Unreachable: page.goto: net::ERR_NAME_NOT_RESOLVED at https://mf.360.one/
Call log:
[2m  - navigating to ""https://mf.360.one/"", waiting until ""domcontentloaded""[22m
"
"2","Unassigned","ADITYA BIRLA SUN LIFE MF","https://mutualfund.adityabirlacapital.com","N/A","N/A","No","No","No","Inaccessible","Orchavate Automated Tool","Unreachable: page.goto: Navigation to ""https://mutualfund.adityabirlacapital.com/"" is interrupted by another navigation to ""chrome-error://chromewebdata/""
Call log:
[2m  - navigating to ""https://mutualfund.adityabirlacapital.com/"", waiting until ""domcontentloaded""[22m
"
"3","Unassigned","ASK Mutual Fund","https://www.askmf.com","N/A","N/A","No","No","No","Inaccessible","Orchavate Automated Tool","Unreachable: page.goto: net::ERR_CERT_COMMON_NAME_INVALID at https://www.askmf.com/
Call log:
[2m  - navigating to ""https://www.askmf.com/"", waiting until ""domcontentloaded""[22m
"
"4","Unassigned","AXIS MF","https://www.axismf.com","N/A","N/A","No","No","No","Inaccessible","Orchavate Automated Tool","Unreachable: page.goto: Navigation to ""https://www.axismf.com/"" is interrupted by another navigation to ""chrome-error://chromewebdata/""
Call log:
[2m  - navigating to ""https://www.axismf.com/"", waiting until ""domcontentloaded""[22m
"
"5","Unassigned","Abakkus Mutual Fund","https://www.abakkusamc.com","N/A","N/A","No","No","No","Inaccessible","Orchavate Automated Tool","Unreachable: page.goto: net::ERR_NAME_NOT_RESOLVED at https://www.abakkusamc.com/
Call log:
[2m  - navigating to ""https://www.abakkusamc.com/"", waiting until ""domcontentloaded""[22m
"
"6","Unassigned","AlphaGrep Mutual Fund","","N/A","N/A","No","No","No","Inaccessible","Orchavate Automated Tool","Unreachable: page.goto: Protocol error (Page.navigate): Cannot navigate to invalid URL
Call log:
[2m  - navigating to ""https://"", waiting until ""domcontentloaded""[22m
"
"7","Unassigned","Angel One Mutual Fund","https://www.angelonemf.com","N/A","N/A","No","No","No","Inaccessible","Orchavate Automated Tool","Unreachable: page.goto: Navigation to ""https://www.angelonemf.com/"" is interrupted by another navigation to ""chrome-error://chromewebdata/""
Call log:
[2m  - navigating to ""https://www.angelonemf.com/"", waiting until ""domcontentloaded""[22m
"
"8","Unassigned","BAJAJ FINSERV MUTUAL FUND","https://www.bajajfinservamc.com","N/A","N/A","No","No","No","Inaccessible","Orchavate Automated Tool","Unreachable: page.goto: net::ERR_NAME_NOT_RESOLVED at https://www.bajajfinservamc.com/
Call log:
[2m  - navigating to ""https://www.bajajfinservamc.com/"", waiting until ""domcontentloaded""[22m
"
"9","Unassigned","Bandhan Mutual Fund","https://bandhanmutual.com","N/A","N/A","No","No","No","Inaccessible","Orchavate Automated Tool","Unreachable: page.goto: Navigation to ""https://bandhanmutual.com/"" is interrupted by another navigation to ""chrome-error://chromewebdata/""
Call log:
[2m  - navigating to ""https://bandhanmutual.com/"", waiting until ""domcontentloaded""[22m
"
"10","Unassigned","Bank of India Mutual Fund","https://www.boiaxamc.com","N/A","N/A","No","No","No","Inaccessible","Orchavate Automated Tool","Unreachable: page.goto: net::ERR_NAME_NOT_RESOLVED at https://www.boiaxamc.com/
Call log:
[2m  - navigating to ""https://www.boiaxamc.com/"", waiting until ""domcontentloaded""[22m
"
"11","Unassigned","Baroda BNP Paribas Mutual Fund","https://www.barodabnpparibasmf.in","N/A","N/A","No","No","No","Inaccessible","Orchavate Automated Tool","Unreachable: page.goto: Navigation to ""https://www.barodabnpparibasmf.in/"" is interrupted by another navigation to ""chrome-error://chromewebdata/""
Call log:
[2m  - navigating to ""https://www.barodabnpparibasmf.in/"", waiting until ""domcontentloaded""[22m
"
"12","Unassigned","CANARA ROBECO MF","https://www.canararobeco.com","N/A","N/A","No","No","No","Inaccessible","Orchavate Automated Tool","Unreachable: page.goto: Navigation to ""https://www.canararobeco.com/"" is interrupted by another navigation to ""https://www.barodabnpparibasmf.in/""
Call log:
[2m  - navigating to ""https://www.canararobeco.com/"", waiting until ""domcontentloaded""[22m
"
"13","Unassigned","CRB MF","","N/A","N/A","No","No","No","Inaccessible","Orchavate Automated Tool","Unreachable: page.goto: Protocol error (Page.navigate): Cannot navigate to invalid URL
Call log:
[2m  - navigating to ""https://"", waiting until ""domcontentloaded""[22m
"
"14","Unassigned","Capitalmind Mutual Fund","https://capitalmindmf.com","N/A","N/A","No","No","No","Inaccessible","Orchavate Automated Tool","Unreachable: page.goto: Navigation to ""https://capitalmindmf.com/"" is interrupted by another navigation to ""https://www.canararobeco.com/""
Call log:
[2m  - navigating to ""https://capitalmindmf.com/"", waiting until ""domcontentloaded""[22m
"
"15","Unassigned","Carnelian Asset Management and Advisors Private Limited","https://www.carnelianamc.com","N/A","N/A","No","No","No","Inaccessible","Orchavate Automated Tool","Unreachable: page.goto: net::ERR_NAME_NOT_RESOLVED at https://www.carnelianamc.com/
Call log:
[2m  - navigating to ""https://www.carnelianamc.com/"", waiting until ""domcontentloaded""[22m
"
"16","Unassigned","Choice Mutual Fund","https://mf.choiceindia.com","N/A","N/A","No","No","No","Inaccessible","Orchavate Automated Tool","Unreachable: page.goto: Navigation to ""https://mf.choiceindia.com/"" is interrupted by another navigation to ""chrome-error://chromewebdata/""
Call log:
[2m  - navigating to ""https://mf.choiceindia.com/"", waiting until ""domcontentloaded""[22m
"
"17","Unassigned","DSP MF","https://www.dspim.com","N/A","N/A","No","No","No","Inaccessible","Orchavate Automated Tool","Unreachable: page.goto: Navigation to ""https://www.dspim.com/"" is interrupted by another navigation to ""https://mf.choiceindia.com/""
Call log:
[2m  - navigating to ""https://www.dspim.com/"", waiting until ""domcontentloaded""[22m
"
"18","Unassigned","EDELWEISS MF","https://www.edelweissmf.com","N/A","N/A","No","No","No","Inaccessible","Orchavate Automated Tool","Unreachable: page.goto: Navigation to ""https://www.edelweissmf.com/"" is interrupted by another navigation to ""https://www.dspim.com/""
Call log:
[2m  - navigating to ""https://www.edelweissmf.com/"", waiting until ""domcontentloaded""[22m
"
"19","Unassigned","FRANKLIN TEMPLETON MF","https://www.franklintempletonindia.com","N/A","N/A","No","No","No","Inaccessible","Orchavate Automated Tool","Unreachable: page.goto: Navigation to ""https://www.franklintempletonindia.com/"" is interrupted by another navigation to ""https://www.edelweissmf.com/""
Call log:
[2m  - navigating to ""https://www.franklintempletonindia.com/"", waiting until ""domcontentloaded""[22m
"
"20","Unassigned","Groww Mutual Fund","https://groww.in/mutual-funds","N/A","N/A","No","No","No","Inaccessible","Orchavate Automated Tool","Unreachable: page.goto: Navigation to ""https://groww.in/mutual-funds"" is interrupted by another navigation to ""https://www.franklintempletonindia.com/""
Call log:
[2m  - navigating to ""https://groww.in/mutual-funds"", waiting until ""domcontentloaded""[22m
"
"21","Unassigned","HDFC MF","https://www.hdfcfund.com","N/A","N/A","No","No","No","Inaccessible","Orchavate Automated Tool","Unreachable: page.goto: Navigation to ""https://www.hdfcfund.com/"" is interrupted by another navigation to ""https://groww.in/mutual-funds""
Call log:
[2m  - navigating to ""https://www.hdfcfund.com/"", waiting until ""domcontentloaded""[22m
"
"22","Unassigned","HSBC MF","https://www.assetmanagement.hsbc.co.in","N/A","N/A","No","No","No","Inaccessible","Orchavate Automated Tool","Unreachable: page.goto: Navigation to ""https://www.assetmanagement.hsbc.co.in/"" is interrupted by another navigation to ""https://www.hdfcfund.com/""
Call log:
[2m  - navigating to ""https://www.assetmanagement.hsbc.co.in/"", waiting until ""domcontentloaded""[22m
"
"23","Unassigned","Helios Mutual Fund","https://www.helioscapital.in","N/A","N/A","No","No","No","Inaccessible","Orchavate Automated Tool","Unreachable: page.goto: Navigation to ""https://www.helioscapital.in/"" is interrupted by another navigation to ""https://www.assetmanagement.hsbc.co.in/en""
Call log:
[2m  - navigating to ""https://www.helioscapital.in/"", waiting until ""domcontentloaded""[22m
"
"24","Unassigned","ICICI PRUDENTIAL MF","https://www.icicipruamc.com","N/A","N/A","No","No","No","Inaccessible","Orchavate Automated Tool","Unreachable: page.goto: Navigation to ""https://www.icicipruamc.com/"" is interrupted by another navigation to ""https://helioscapital.in/""
Call log:
[2m  - navigating to ""https://www.icicipruamc.com/"", waiting until ""domcontentloaded""[22m
"
"25","Unassigned","IDBI MUTUAL FUND","https://www.idbimutual.co.in","N/A","N/A","No","No","No","Inaccessible","Orchavate Automated Tool","Unreachable: page.goto: Timeout 15000ms exceeded.
Call log:
[2m  - navigating to ""https://www.idbimutual.co.in/"", waiting until ""domcontentloaded""[22m
"
"26","Unassigned","IIFCL MF (IDF)","","N/A","N/A","No","No","No","Inaccessible","Orchavate Automated Tool","Unreachable: page.goto: Protocol error (Page.navigate): Cannot navigate to invalid URL
Call log:
[2m  - navigating to ""https://"", waiting until ""domcontentloaded""[22m
"
"27","Unassigned","IL&FS IDF MF","","N/A","N/A","No","No","No","Inaccessible","Orchavate Automated Tool","Unreachable: page.goto: Protocol error (Page.navigate): Cannot navigate to invalid URL
Call log:
[2m  - navigating to ""https://"", waiting until ""domcontentloaded""[22m
"
"28","Unassigned","ITI Mutual Fund","https://www.itimf.com","N/A","contact@itimf.com","Yes","Yes","Yes","Completed","Orchavate Automated Tool","Violations: 45 (Alt Text: 0, Contrast: 36, Labels: 0, Keyboard: 0). Lighthouse A11y: 51/100."
"29","Unassigned","Invesco Mutual Fund","https://www.invescomutualfund.com","N/A","RootId@odata.type; AvailableLanguages@odata.type","Yes","Yes","Yes","Completed","Orchavate Automated Tool","Violations: 5 (Alt Text: 0, Contrast: 2, Labels: 0, Keyboard: 0). Lighthouse A11y: 70/100."
"30","Unassigned","JM FINANCIAL MF","https://www.jmfinancialmf.com","N/A","investor@jmfl.com; partnercare@jmfl.com","Yes","Yes","Yes","Completed","Orchavate Automated Tool","Violations: 2 (Alt Text: 0, Contrast: 0, Labels: 0, Keyboard: 0). Lighthouse A11y: 61/100."
"31","Unassigned","Jio BlackRock Mutual Fund","https://www.jioblackrockamc.com","N/A","N/A","Yes","Yes","Yes","Completed","Orchavate Automated Tool","Violations: 15 (Alt Text: 0, Contrast: 15, Labels: 0, Keyboard: 0). Lighthouse A11y: 70/100."
"32","Unassigned","Kotak Mutual Fund","https://www.kotakmf.com","N/A","N/A","Yes","Yes","Yes","Completed","Orchavate Automated Tool","Violations: 5 (Alt Text: 0, Contrast: 5, Labels: 0, Keyboard: 0). Lighthouse A11y: 60/100."
"33","Unassigned","LIC MF","https://www.licmf.com","N/A","service_licmf@kfintech.com; service@licmf.com","Yes","Yes","Yes","Completed","Orchavate Automated Tool","Violations: 104 (Alt Text: 8, Contrast: 41, Labels: 8, Keyboard: 0). Lighthouse A11y: 10/100."
"34","Unassigned","MIRAE ASSET MF","https://www.miraeassetmf.co.in","N/A","customercare@miraeasset.com","Yes","Yes","Yes","Completed","Orchavate Automated Tool","Violations: 165 (Alt Text: 1, Contrast: 118, Labels: 4, Keyboard: 0). Lighthouse A11y: 10/100."
"35","Unassigned","MOTILAL OSWAL MF","https://www.motilaloswalmf.com","N/A","N/A","Yes","Yes","Yes","Completed","Orchavate Automated Tool","Violations: 0 (Alt Text: 0, Contrast: 0, Labels: 0, Keyboard: 0). Lighthouse A11y: 100/100."
"36","Unassigned","Mahindra Manulife Mutual Fund","https://www.mahindramanulife.com","N/A","N/A","Yes","Yes","Yes","Completed","Orchavate Automated Tool","Violations: 0 (Alt Text: 0, Contrast: 0, Labels: 0, Keyboard: 0). Lighthouse A11y: 100/100."
"37","Unassigned","Monarch Networth Capital Limited","https://www.mnclgroup.com","N/A","reachus@mnclgroup.com; helpdesk@mnclgroup.com; grievances@mnclgroup.com; nps@mnclgroup.com; ipo@mnclgroup.com; compliance@mnclgroup.com; shaukat.ali@mnclgroup.com; pms.compliance@mnclgroup.com; pms.grievance@mnclgroup.com; abhisar.jain@mnclgroup.com; AIFcompliance@mnclgroup.com; mbdcompliance@mnclgroup.com; mbd@mnclgroup.com; sahil.sanghvi@mnclgroup.com; racompliance@mnclgroup.com; ragrievance@mnclgroup.com; Arpan.shah@mnclgroup.com; iacompliance@mnclgroup.com; cs@mnclgroup.com; Investor.helpdesk@in.mpms.mufg.com","Yes","Yes","Yes","Completed","Orchavate Automated Tool","Violations: 20 (Alt Text: 0, Contrast: 20, Labels: 0, Keyboard: 0). Lighthouse A11y: 60/100."
"38","Unassigned","N J Mutual Fund","https://www.njmutualfund.com","N/A","customercare@njmutualfund.com","Yes","Yes","Yes","Completed","Orchavate Automated Tool","Violations: 5 (Alt Text: 0, Contrast: 0, Labels: 0, Keyboard: 0). Lighthouse A11y: 87/100."
"39","Unassigned","NAVI MUTUAL FUND","https://www.navimutualfund.com","N/A","N/A","No","No","No","Inaccessible","Orchavate Automated Tool","Unreachable: HTTP Error Status 403"
"40","Unassigned","Nippon India Mutual Fund","https://mf.nipponindiaim.com","N/A","N/A","Yes","Yes","Yes","Completed","Orchavate Automated Tool","Violations: 49 (Alt Text: 5, Contrast: 10, Labels: 0, Keyboard: 0). Lighthouse A11y: 10/100."
"41","Unassigned","Nuvama Mutual Fund","https://www.nuvamaassetmanagement.com","N/A","N/A","No","No","No","Inaccessible","Orchavate Automated Tool","Unreachable: HTTP Error Status 403"
"42","Unassigned","Old Bridge Mutual Fund","https://www.oldbridgemf.com","N/A","N/A","Yes","Yes","Yes","Completed","Orchavate Automated Tool","Violations: 1 (Alt Text: 0, Contrast: 0, Labels: 0, Keyboard: 0). Lighthouse A11y: 92/100."
"43","Unassigned","PGIM INDIA MUTUAL FUND","https://www.pgimindiamf.com","N/A","N/A","No","No","No","Inaccessible","Orchavate Automated Tool","Unreachable: HTTP Error Status 403"
"44","Unassigned","PPFAS MF","https://amc.ppfas.com","N/A","N/A","Yes","Yes","Yes","Completed","Orchavate Automated Tool","Violations: 202 (Alt Text: 0, Contrast: 96, Labels: 7, Keyboard: 0). Lighthouse A11y: 10/100."
"45","Unassigned","QUANTUM MF","https://www.quantumamc.com","N/A","CustomerCare@QuantumAMC.com; Transact@QuantumAMC.com; Customercare@QuantumAMC.com; Partnercare@QuantumAMC.com","Yes","Yes","Yes","Completed","Orchavate Automated Tool","Violations: 21 (Alt Text: 9, Contrast: 7, Labels: 0, Keyboard: 0). Lighthouse A11y: 62/100."
"46","Unassigned","Quant Mutual Fund","https://www.quantmutual.com","N/A","help.investor@quant.in; help.distributor@quant.in","Yes","Yes","Yes","Completed","Orchavate Automated Tool","Violations: 13 (Alt Text: 1, Contrast: 0, Labels: 0, Keyboard: 0). Lighthouse A11y: 63/100."
"47","Unassigned","SAMCO MUTUAL FUND","https://www.samco.mf.in","N/A","N/A","No","No","No","Inaccessible","Orchavate Automated Tool","Unreachable: page.goto: net::ERR_NAME_NOT_RESOLVED at https://www.samco.mf.in/
Call log:
[2m  - navigating to ""https://www.samco.mf.in/"", waiting until ""domcontentloaded""[22m
"
"48","Unassigned","SBI MF","https://www.sbimf.com","N/A","N/A","No","No","No","Inaccessible","Orchavate Automated Tool","Unreachable: page.goto: Navigation to ""https://www.sbimf.com/"" is interrupted by another navigation to ""chrome-error://chromewebdata/""
Call log:
[2m  - navigating to ""https://www.sbimf.com/"", waiting until ""domcontentloaded""[22m
"
"49","Unassigned","SHRIRAM MF","https://www.shriramamc.com","N/A","N/A","No","No","No","Inaccessible","Orchavate Automated Tool","Unreachable: page.goto: net::ERR_NAME_NOT_RESOLVED at https://www.shriramamc.com/
Call log:
[2m  - navigating to ""https://www.shriramamc.com/"", waiting until ""domcontentloaded""[22m
"
"50","Unassigned","SUNDARAM MF","https://www.sundarammutual.com","N/A","N/A","No","No","No","Inaccessible","Orchavate Automated Tool","Unreachable: page.goto: Navigation to ""https://www.sundarammutual.com/"" is interrupted by another navigation to ""chrome-error://chromewebdata/""
Call log:
[2m  - navigating to ""https://www.sundarammutual.com/"", waiting until ""domcontentloaded""[22m
"
"51","Unassigned","TAURUS MF","https://www.taurusmutualfund.com","N/A","N/A","No","No","No","Inaccessible","Orchavate Automated Tool","Unreachable: page.goto: Navigation to ""https://www.taurusmutualfund.com/"" is interrupted by another navigation to ""https://www.sundarammutual.com/""
Call log:
[2m  - navigating to ""https://www.taurusmutualfund.com/"", waiting until ""domcontentloaded""[22m
"
"52","Unassigned","TRUST MUTUAL FUND","https://www.trustmf.com","N/A","N/A","No","No","No","Inaccessible","Orchavate Automated Tool","Unreachable: page.goto: Navigation to ""https://www.trustmf.com/"" is interrupted by another navigation to ""https://www.taurusmutualfund.com/""
Call log:
[2m  - navigating to ""https://www.trustmf.com/"", waiting until ""domcontentloaded""[22m
"
"53","Unassigned","Tata Mutual Fund","https://www.tatamutualfund.com","N/A","N/A","No","No","No","Inaccessible","Orchavate Automated Tool","Unreachable: page.goto: Navigation to ""https://www.tatamutualfund.com/"" is interrupted by another navigation to ""https://www.trustmf.com/""
Call log:
[2m  - navigating to ""https://www.tatamutualfund.com/"", waiting until ""domcontentloaded""[22m
"
"54","Unassigned","The Wealth Company Mutual Fund","https://www.thewealthcompany.in","N/A","N/A","No","No","No","Inaccessible","Orchavate Automated Tool","Unreachable: page.goto: Navigation to ""https://www.thewealthcompany.in/"" is interrupted by another navigation to ""https://www.tatamutualfund.com/""
Call log:
[2m  - navigating to ""https://www.thewealthcompany.in/"", waiting until ""domcontentloaded""[22m
"
"55","Unassigned","UTI  MF","https://www.utimf.com","N/A","N/A","No","No","No","Inaccessible","Orchavate Automated Tool","Unreachable: page.goto: Navigation to ""https://www.utimf.com/"" is interrupted by another navigation to ""https://www.thewealthcompany.in/""
Call log:
[2m  - navigating to ""https://www.utimf.com/"", waiting until ""domcontentloaded""[22m
"
"56","Unassigned","Unifi Mutual Fund","https://www.unifimf.com","N/A","N/A","No","No","No","Inaccessible","Orchavate Automated Tool","Unreachable: page.goto: Navigation to ""https://www.unifimf.com/"" is interrupted by another navigation to ""https://www.utimf.com/""
Call log:
[2m  - navigating to ""https://www.unifimf.com/"", waiting until ""domcontentloaded""[22m
"
"57","Unassigned","Union Mutual Fund","https://www.unionmf.com","N/A","N/A","No","No","No","Inaccessible","Orchavate Automated Tool","Unreachable: page.goto: Navigation to ""https://www.unionmf.com/"" is interrupted by another navigation to ""https://unifimf.com/""
Call log:
[2m  - navigating to ""https://www.unionmf.com/"", waiting until ""domcontentloaded""[22m
"
"58","Unassigned","WEALTH FIRST PORTFOLIO MANAGERS LIMITED","","N/A","N/A","No","No","No","Inaccessible","Orchavate Automated Tool","Unreachable: page.goto: Protocol error (Page.navigate): Cannot navigate to invalid URL
Call log:
[2m  - navigating to ""https://"", waiting until ""domcontentloaded""[22m
"
"59","Unassigned","WhiteOak Capital Mutual Fund","https://www.whiteoakamc.com","N/A","N/A","No","No","No","Inaccessible","Orchavate Automated Tool","Unreachable: page.goto: Navigation to ""https://www.whiteoakamc.com/"" is interrupted by another navigation to ""https://www.unionmf.com/""
Call log:
[2m  - navigating to ""https://www.whiteoakamc.com/"", waiting until ""domcontentloaded""[22m
"
"60","Unassigned","Zerodha Mutual Fund","https://zerodhafundhouse.com","N/A","N/A","No","No","No","Inaccessible","Orchavate Automated Tool","Unreachable: page.goto: Navigation to ""https://zerodhafundhouse.com/"" is interrupted by another navigation to ""https://mf.whiteoakamc.com/""
Call log:
[2m  - navigating to ""https://zerodhafundhouse.com/"", waiting until ""domcontentloaded""[22m
"